insert into public.campuses (id, name, code, status)
values
  ('11111111-1111-1111-1111-111111111111', '光华校区', 'GUANGHUA', 'active'),
  ('22222222-2222-2222-2222-222222222222', '星海校区', 'XINGHAI', 'active')
on conflict (id) do nothing;

insert into public.subjects (id, name, code, status)
values
  ('31111111-1111-1111-1111-111111111111', '少儿编程', 'PROGRAM', 'active'),
  ('32222222-2222-2222-2222-222222222222', '机器人', 'ROBOT', 'active'),
  ('33333333-3333-3333-3333-333333333333', '美术', 'ART', 'active'),
  ('34444444-4444-4444-4444-444444444444', '书法', 'CALLIGRAPHY', 'active'),
  ('35555555-5555-5555-5555-555555555555', '科学实验', 'SCIENCE', 'active'),
  ('36666666-6666-6666-6666-666666666666', '口才表达', 'SPEECH', 'active')
on conflict (id) do nothing;

insert into public.teachers (id, name, display_name, phone, role, campus_id, status)
values
  ('41111111-1111-1111-1111-111111111111', '王老师', '王老师', '13800000001', 'teacher', '11111111-1111-1111-1111-111111111111', 'active'),
  ('42222222-2222-2222-2222-222222222222', '李老师', '李老师', '13800000002', 'teacher', '22222222-2222-2222-2222-222222222222', 'active')
on conflict (id) do nothing;

insert into public.students (
  id, student_code, legal_name, display_name, gender, grade, birth_year,
  parent_name, parent_phone, avatar_url, status, created_by_role, created_by_id, notes
)
values
  ('51111111-1111-1111-1111-111111111111', 'STU-0001', '陈宇航', '小宇', 'male', '三年级', 2017, '陈妈妈', '13910000001', null, 'normal', 'admin', null, '已完成教务导入'),
  ('52222222-2222-2222-2222-222222222222', 'STU-0002', '林可欣', '小可', 'female', '二年级', 2018, '林爸爸', '13910000002', null, 'normal', 'admin', null, '已完成教务导入'),
  ('53333333-3333-3333-3333-333333333333', 'STU-0003', '周子墨', '小墨', 'male', '四年级', 2016, '周妈妈', '13910000003', null, 'normal', 'admin', null, '已完成教务导入'),
  ('54444444-4444-4444-4444-444444444444', 'STU-0004', '王若溪', '小溪', 'female', '三年级', 2017, '王妈妈', '13910000004', null, 'normal', 'admin', null, '已完成教务导入'),
  ('55555555-5555-5555-5555-555555555555', 'STU-0005', '徐嘉宁', '小宁', 'male', '一年级', 2019, '徐爸爸', '13910000005', null, 'normal', 'admin', null, '已完成教务导入'),
  ('56666666-6666-6666-6666-666666666666', 'TMP-0001', '赵安安', '安安', 'female', '二年级', 2018, '赵妈妈', '13910000006', null, 'temporary', 'teacher', '41111111-1111-1111-1111-111111111111', '临时学生示例，待教务确认')
on conflict (id) do nothing;

insert into public.classes (
  id, class_name, campus_id, subject_id, teacher_id, schedule_text, class_type, status, created_by_id
)
values
  ('61111111-1111-1111-1111-111111111111', '启航编程班', '11111111-1111-1111-1111-111111111111', '31111111-1111-1111-1111-111111111111', '41111111-1111-1111-1111-111111111111', '周三 19:00-20:30', 'regular', 'active', '41111111-1111-1111-1111-111111111111'),
  ('62222222-2222-2222-2222-222222222222', '创意机器人班', '22222222-2222-2222-2222-222222222222', '32222222-2222-2222-2222-222222222222', '42222222-2222-2222-2222-222222222222', '周六 10:00-11:30', 'regular', 'active', '42222222-2222-2222-2222-222222222222')
on conflict (id) do nothing;

insert into public.class_students (id, class_id, student_id, joined_at, member_status, joined_by_id, notes)
values
  ('71111111-1111-1111-1111-111111111111', '61111111-1111-1111-1111-111111111111', '51111111-1111-1111-1111-111111111111', timezone('utc', now()) - interval '20 days', 'active', '41111111-1111-1111-1111-111111111111', null),
  ('72222222-2222-2222-2222-222222222222', '61111111-1111-1111-1111-111111111111', '52222222-2222-2222-2222-222222222222', timezone('utc', now()) - interval '18 days', 'active', '41111111-1111-1111-1111-111111111111', null),
  ('73333333-3333-3333-3333-333333333333', '61111111-1111-1111-1111-111111111111', '56666666-6666-6666-6666-666666666666', timezone('utc', now()) - interval '7 days', 'active', '41111111-1111-1111-1111-111111111111', '临时学生'),
  ('74444444-4444-4444-4444-444444444444', '62222222-2222-2222-2222-222222222222', '53333333-3333-3333-3333-333333333333', timezone('utc', now()) - interval '15 days', 'active', '42222222-2222-2222-2222-222222222222', null),
  ('75555555-5555-5555-5555-555555555555', '62222222-2222-2222-2222-222222222222', '54444444-4444-4444-4444-444444444444', timezone('utc', now()) - interval '15 days', 'active', '42222222-2222-2222-2222-222222222222', null),
  ('76666666-6666-6666-6666-666666666666', '62222222-2222-2222-2222-222222222222', '51111111-1111-1111-1111-111111111111', timezone('utc', now()) - interval '10 days', 'active', '42222222-2222-2222-2222-222222222222', '跨班级示例')
on conflict (class_id, student_id) do nothing;

insert into public.point_rules (id, category, rule_name, points, sort_order, is_active, is_common)
values
  ('81111111-1111-1111-1111-111111111111', 'classroom', '积极发言', 2, 10, true, true),
  ('82222222-2222-2222-2222-222222222222', 'classroom', '专注听讲', 1, 20, true, true),
  ('83333333-3333-3333-3333-333333333333', 'homework', '按时提交', 1, 10, true, true),
  ('84444444-4444-4444-4444-444444444444', 'homework', '全对满分', 3, 20, true, true),
  ('85555555-5555-5555-5555-555555555555', 'project', '创意表达', 3, 10, true, true),
  ('86666666-6666-6666-6666-666666666666', 'project', '作品优秀', 5, 20, true, false),
  ('87777777-7777-7777-7777-777777777777', 'habits', '守时守纪', 2, 10, true, true),
  ('88888888-8888-8888-8888-888888888888', 'habits', '主动服务', 2, 20, true, true)
on conflict (id) do nothing;

insert into public.point_ledger (
  id, student_id, class_id, campus_id, subject_id, teacher_id, rule_id,
  rule_name_snapshot, category_snapshot, points_delta, action_type, remark, created_at
)
values
  ('91111111-1111-1111-1111-111111111111', '51111111-1111-1111-1111-111111111111', '61111111-1111-1111-1111-111111111111', '11111111-1111-1111-1111-111111111111', '31111111-1111-1111-1111-111111111111', '41111111-1111-1111-1111-111111111111', '81111111-1111-1111-1111-111111111111', '积极发言', 'classroom', 2, 'add', '课堂积极互动', timezone('utc', now()) - interval '6 days'),
  ('92222222-2222-2222-2222-222222222222', '51111111-1111-1111-1111-111111111111', '61111111-1111-1111-1111-111111111111', '11111111-1111-1111-1111-111111111111', '31111111-1111-1111-1111-111111111111', '41111111-1111-1111-1111-111111111111', '84444444-4444-4444-4444-444444444444', '全对满分', 'homework', 3, 'add', '作业完成优秀', timezone('utc', now()) - interval '3 days'),
  ('93333333-3333-3333-3333-333333333333', '52222222-2222-2222-2222-222222222222', '61111111-1111-1111-1111-111111111111', '11111111-1111-1111-1111-111111111111', '31111111-1111-1111-1111-111111111111', '41111111-1111-1111-1111-111111111111', '82222222-2222-2222-2222-222222222222', '专注听讲', 'classroom', 1, 'add', '课堂表现稳定', timezone('utc', now()) - interval '2 days'),
  ('94444444-4444-4444-4444-444444444444', '52222222-2222-2222-2222-222222222222', '61111111-1111-1111-1111-111111111111', '11111111-1111-1111-1111-111111111111', '31111111-1111-1111-1111-111111111111', '41111111-1111-1111-1111-111111111111', '83333333-3333-3333-3333-333333333333', '按时提交', 'homework', 1, 'add', '按时完成', timezone('utc', now()) - interval '1 day'),
  ('95555555-5555-5555-5555-555555555555', '53333333-3333-3333-3333-333333333333', '62222222-2222-2222-2222-222222222222', '22222222-2222-2222-2222-222222222222', '32222222-2222-2222-2222-222222222222', '42222222-2222-2222-2222-222222222222', '85555555-5555-5555-5555-555555555555', '创意表达', 'project', 3, 'add', '作品表达完整', timezone('utc', now()) - interval '5 days'),
  ('96666666-6666-6666-6666-666666666666', '54444444-4444-4444-4444-444444444444', '62222222-2222-2222-2222-222222222222', '22222222-2222-2222-2222-222222222222', '32222222-2222-2222-2222-222222222222', '42222222-2222-2222-2222-222222222222', '86666666-6666-6666-6666-666666666666', '作品优秀', 'project', 5, 'add', '作品展示突出', timezone('utc', now()) - interval '2 days'),
  ('97777777-7777-7777-7777-777777777777', '54444444-4444-4444-4444-444444444444', '62222222-2222-2222-2222-222222222222', '22222222-2222-2222-2222-222222222222', '32222222-2222-2222-2222-222222222222', '42222222-2222-2222-2222-222222222222', '87777777-7777-7777-7777-777777777777', '守时守纪', 'habits', 2, 'add', '课堂纪律优秀', timezone('utc', now()) - interval '1 day'),
  ('98888888-8888-8888-8888-888888888888', '56666666-6666-6666-6666-666666666666', '61111111-1111-1111-1111-111111111111', '11111111-1111-1111-1111-111111111111', '31111111-1111-1111-1111-111111111111', '41111111-1111-1111-1111-111111111111', '87777777-7777-7777-7777-777777777777', '守时守纪', 'habits', 2, 'add', '临时学生表现良好', timezone('utc', now()) - interval '12 hours'),
  ('99999999-9999-9999-9999-999999999999', '51111111-1111-1111-1111-111111111111', '62222222-2222-2222-2222-222222222222', '22222222-2222-2222-2222-222222222222', '32222222-2222-2222-2222-222222222222', '42222222-2222-2222-2222-222222222222', '85555555-5555-5555-5555-555555555555', '创意表达', 'project', 3, 'add', '跨班作品展示', timezone('utc', now()) - interval '4 hours')
on conflict (id) do nothing;
